{"text": " Fala, impressionadores! Nesse v\u00eddeo eu vou ensinar voc\u00eas a fazerem transcri\u00e7\u00e3o de \u00e1udio usando uma ferramenta nova da OpenAI. Essa ferramenta vai permitir voc\u00ea instalar uma \u00fanica biblioteca e usando o seu c\u00f3digo em Python, tr\u00eas, quatro linhas de c\u00f3digo, voc\u00ea j\u00e1 vai conseguir transcrever qualquer \u00e1udio em qualquer l\u00edngua que voc\u00ea tiver e voc\u00ea ainda vai poder adaptar para diferentes modelos. Modelos mais simples que v\u00e3o rodar mais r\u00e1pido, modelos mais complexos que v\u00e3o demorar mais, mas que v\u00e3o provavelmente ter uma precis\u00e3o melhor, a gente vai ter uma s\u00e9rie de possibilidades. Bora pro conte\u00fado do v\u00eddeo!", "segments": [{"id": 0, "seek": 0, "start": 0.0, "end": 8.0, "text": " Fala, impressionadores! Nesse v\u00eddeo eu vou ensinar voc\u00eas a fazerem transcri\u00e7\u00e3o de \u00e1udio usando uma ferramenta nova da OpenAI.", "tokens": [50364, 479, 5159, 11, 9995, 11856, 0, 426, 7357, 8071, 2228, 6008, 3489, 6470, 10522, 257, 4375, 7333, 1145, 1142, 2917, 368, 7352, 532, 1004, 29798, 2772, 7202, 2356, 8938, 28265, 1120, 7238, 48698, 13, 50764], "temperature": 0.0, "avg_logprob": -0.15267870745320958, "compression_ratio": 1.68, "no_speech_prob": 0.2983996570110321}, {"id": 1, "seek": 0, "start": 8.0, "end": 15.0, "text": " Essa ferramenta vai permitir voc\u00ea instalar uma \u00fanica biblioteca e usando o seu c\u00f3digo em Python, tr\u00eas, quatro linhas de c\u00f3digo,", "tokens": [50764, 22818, 7202, 2356, 8938, 4405, 46865, 2723, 1058, 12031, 2772, 30104, 34344, 1370, 496, 308, 29798, 277, 7986, 44195, 846, 15329, 11, 20779, 11, 30583, 287, 28881, 368, 44195, 11, 51114], "temperature": 0.0, "avg_logprob": -0.15267870745320958, "compression_ratio": 1.68, "no_speech_prob": 0.2983996570110321}, {"id": 2, "seek": 0, "start": 15.0, "end": 22.0, "text": " voc\u00ea j\u00e1 vai conseguir transcrever qualquer \u00e1udio em qualquer l\u00edngua que voc\u00ea tiver e voc\u00ea ainda vai poder adaptar para diferentes modelos.", "tokens": [51114, 2723, 6242, 4405, 21229, 1145, 14066, 331, 20437, 7352, 532, 1004, 846, 20437, 16118, 872, 4398, 631, 2723, 31417, 308, 2723, 11804, 4405, 8152, 6231, 289, 1690, 17686, 2316, 329, 13, 51464], "temperature": 0.0, "avg_logprob": -0.15267870745320958, "compression_ratio": 1.68, "no_speech_prob": 0.2983996570110321}, {"id": 3, "seek": 0, "start": 22.0, "end": 26.0, "text": " Modelos mais simples que v\u00e3o rodar mais r\u00e1pido, modelos mais complexos que v\u00e3o demorar mais,", "tokens": [51464, 17105, 329, 2420, 21730, 631, 18766, 8685, 289, 2420, 24893, 11, 2316, 329, 2420, 3997, 329, 631, 18766, 1371, 42967, 2420, 11, 51664], "temperature": 0.0, "avg_logprob": -0.15267870745320958, "compression_ratio": 1.68, "no_speech_prob": 0.2983996570110321}, {"id": 4, "seek": 2600, "start": 26.0, "end": 30.0, "text": " mas que v\u00e3o provavelmente ter uma precis\u00e3o melhor, a gente vai ter uma s\u00e9rie de possibilidades.", "tokens": [50364, 2300, 631, 18766, 28959, 39786, 1796, 2772, 7974, 1076, 13714, 11, 257, 3788, 4405, 1796, 2772, 18416, 368, 24145, 10284, 13, 50564], "temperature": 0.0, "avg_logprob": -0.12976090610027313, "compression_ratio": 1.1636363636363636, "no_speech_prob": 0.13984832167625427}, {"id": 5, "seek": 2600, "start": 30.0, "end": 32.0, "text": " Bora pro conte\u00fado do v\u00eddeo!", "tokens": [50564, 49967, 447, 44144, 360, 8071, 0, 50664], "temperature": 0.0, "avg_logprob": -0.12976090610027313, "compression_ratio": 1.1636363636363636, "no_speech_prob": 0.13984832167625427}], "language": "pt"}